mapping,owner,gpu_va,bytes,backing_source,lifetime,alignment,permissions,creation,destruction,current_path,target_path
initdata[0],Windows,0xffffffa000000000,0x4000,initdata[0] DXGK object,start-stop,16384,FirmwareSharedReadWrite AP1 Attr2 OS1,MapPrepared,InitdataMemoryDestroy,direct-owned-context0,retained-broker
initdata[1],Windows,0xffffffa000008000,0x4000,initdata[1] DXGK object,start-stop,16384,FirmwareSharedReadWrite AP1 Attr2 OS1,MapPrepared,InitdataMemoryDestroy,direct-owned-context0,retained-broker
initdata[2],Windows,0xffffffa000010000,0x8000,initdata[2] DXGK object,start-stop,16384,FirmwareSharedReadWrite AP1 Attr2 OS1,MapPrepared,InitdataMemoryDestroy,direct-owned-context0,retained-broker
initdata[3],Windows,0xffffffa00001c000,0x14000,initdata[3] DXGK object,start-stop,16384,FirmwareSharedReadWrite AP1 Attr2 OS1,MapPrepared,InitdataMemoryDestroy,direct-owned-context0,retained-broker
initdata[4],Windows,0xffffffa000034000,0x4000,initdata[4] DXGK object,start-stop,16384,FirmwareSharedReadWrite AP1 Attr2 OS1,MapPrepared,InitdataMemoryDestroy,direct-owned-context0,retained-broker
initdata[5],Windows,0xffffffa00003c000,0x4000,initdata[5] DXGK object,start-stop,16384,FirmwareSharedReadWrite AP1 Attr2 OS1,MapPrepared,InitdataMemoryDestroy,direct-owned-context0,retained-broker
initdata[6],Windows,0xffffffa000044000,0x4000,initdata[6] DXGK object,start-stop,16384,FirmwareSharedReadWrite AP1 Attr2 OS1,MapPrepared,InitdataMemoryDestroy,direct-owned-context0,retained-broker
initdata[7],legacy-Windows / target-EL2-system,0xffffffa080000000,0x4000,initdata[7] DXGK object,start-stop,16384,FirmwareSharedReadWrite AP1 Attr2 OS1,MapPrepared,InitdataMemoryDestroy,direct-owned-context0,broker-system
channel[0],Windows,0xffffffa00004c000,0x4000,channel[0] DXGK object,start-stop,16384,FirmwareSharedReadWrite AP1 Attr2 OS1,MapPrepared,InitdataMemoryDestroy,direct-owned-context0,retained-broker
channel[1],Windows,0xffffffa000054000,0x4000,channel[1] DXGK object,start-stop,16384,FirmwareSharedReadWrite AP1 Attr2 OS1,MapPrepared,InitdataMemoryDestroy,direct-owned-context0,retained-broker
channel[2],Windows,0xffffffa00005c000,0x4000,channel[2] DXGK object,start-stop,16384,FirmwareSharedReadWrite AP1 Attr2 OS1,MapPrepared,InitdataMemoryDestroy,direct-owned-context0,retained-broker
channel[3],Windows,0xffffffa000064000,0x4000,channel[3] DXGK object,start-stop,16384,FirmwareSharedReadWrite AP1 Attr2 OS1,MapPrepared,InitdataMemoryDestroy,direct-owned-context0,retained-broker
channel[4],Windows,0xffffffa00006c000,0x4000,channel[4] DXGK object,start-stop,16384,FirmwareSharedReadWrite AP1 Attr2 OS1,MapPrepared,InitdataMemoryDestroy,direct-owned-context0,retained-broker
channel[5],Windows,0xffffffa000074000,0x4000,channel[5] DXGK object,start-stop,16384,FirmwareSharedReadWrite AP1 Attr2 OS1,MapPrepared,InitdataMemoryDestroy,direct-owned-context0,retained-broker
channel[6],Windows,0xffffffa00007c000,0x4000,channel[6] DXGK object,start-stop,16384,FirmwareSharedReadWrite AP1 Attr2 OS1,MapPrepared,InitdataMemoryDestroy,direct-owned-context0,retained-broker
channel[7],Windows,0xffffffa000084000,0x4000,channel[7] DXGK object,start-stop,16384,FirmwareSharedReadWrite AP1 Attr2 OS1,MapPrepared,InitdataMemoryDestroy,direct-owned-context0,retained-broker
channel[8],Windows,0xffffffa00008c000,0x4000,channel[8] DXGK object,start-stop,16384,FirmwareSharedReadWrite AP1 Attr2 OS1,MapPrepared,InitdataMemoryDestroy,direct-owned-context0,retained-broker
channel[9],Windows,0xffffffa000094000,0x4000,channel[9] DXGK object,start-stop,16384,FirmwareSharedReadWrite AP1 Attr2 OS1,MapPrepared,InitdataMemoryDestroy,direct-owned-context0,retained-broker
channel[10],Windows,0xffffffa00009c000,0x4000,channel[10] DXGK object,start-stop,16384,FirmwareSharedReadWrite AP1 Attr2 OS1,MapPrepared,InitdataMemoryDestroy,direct-owned-context0,retained-broker
channel[11],Windows,0xffffffa0000a4000,0x4000,channel[11] DXGK object,start-stop,16384,FirmwareSharedReadWrite AP1 Attr2 OS1,MapPrepared,InitdataMemoryDestroy,direct-owned-context0,retained-broker
channel[12],Windows,0xffffffa0000ac000,0x4000,channel[12] DXGK object,start-stop,16384,FirmwareSharedReadWrite AP1 Attr2 OS1,MapPrepared,InitdataMemoryDestroy,direct-owned-context0,retained-broker
channel[13],Windows,0xffffffa0000b4000,0x4000,channel[13] DXGK object,start-stop,16384,FirmwareSharedReadWrite AP1 Attr2 OS1,MapPrepared,InitdataMemoryDestroy,direct-owned-context0,retained-broker
channel[14],Windows,0xffffffa0000bc000,0x4000,channel[14] DXGK object,start-stop,16384,FirmwareSharedReadWrite AP1 Attr2 OS1,MapPrepared,InitdataMemoryDestroy,direct-owned-context0,retained-broker
channel[15],Windows,0xffffffa0000c4000,0x4000,channel[15] DXGK object,start-stop,16384,FirmwareSharedReadWrite AP1 Attr2 OS1,MapPrepared,InitdataMemoryDestroy,direct-owned-context0,retained-broker
channel[16],Windows,0xffffffa0000cc000,0x4000,channel[16] DXGK object,start-stop,16384,FirmwareSharedReadWrite AP1 Attr2 OS1,MapPrepared,InitdataMemoryDestroy,direct-owned-context0,retained-broker
channel[17],Windows,0xffffffa0000d4000,0x4000,channel[17] DXGK object,start-stop,16384,FirmwareSharedReadWrite AP1 Attr2 OS1,MapPrepared,InitdataMemoryDestroy,direct-owned-context0,retained-broker
channel[18],Windows,0xffffffa0000dc000,0x4000,channel[18] DXGK object,start-stop,16384,FirmwareSharedReadWrite AP1 Attr2 OS1,MapPrepared,InitdataMemoryDestroy,direct-owned-context0,retained-broker
channel[19],Windows,0xffffffa0000e4000,0x4000,channel[19] DXGK object,start-stop,16384,FirmwareSharedReadWrite AP1 Attr2 OS1,MapPrepared,InitdataMemoryDestroy,direct-owned-context0,retained-broker
channel[20],Windows,0xffffffa0000ec000,0x4000,channel[20] DXGK object,start-stop,16384,FirmwareSharedReadWrite AP1 Attr2 OS1,MapPrepared,InitdataMemoryDestroy,direct-owned-context0,retained-broker
channel[21],Windows,0xffffffa0000f4000,0x4000,channel[21] DXGK object,start-stop,16384,FirmwareSharedReadWrite AP1 Attr2 OS1,MapPrepared,InitdataMemoryDestroy,direct-owned-context0,retained-broker
channel[22],Windows,0xffffffa0000fc000,0x4000,channel[22] DXGK object,start-stop,16384,FirmwareSharedReadWrite AP1 Attr2 OS1,MapPrepared,InitdataMemoryDestroy,direct-owned-context0,retained-broker
channel[23],Windows,0xffffffa000104000,0x4000,channel[23] DXGK object,start-stop,16384,FirmwareSharedReadWrite AP1 Attr2 OS1,MapPrepared,InitdataMemoryDestroy,direct-owned-context0,retained-broker
channel[24],Windows,0xffffffa00010c000,0x4000,channel[24] DXGK object,start-stop,16384,FirmwareSharedReadWrite AP1 Attr2 OS1,MapPrepared,InitdataMemoryDestroy,direct-owned-context0,retained-broker
channel[25],Windows,0xffffffa000114000,0x4000,channel[25] DXGK object,start-stop,16384,FirmwareSharedReadWrite AP1 Attr2 OS1,MapPrepared,InitdataMemoryDestroy,direct-owned-context0,retained-broker
channel[26],Windows,0xffffffa00011c000,0x4000,channel[26] DXGK object,start-stop,16384,FirmwareSharedReadWrite AP1 Attr2 OS1,MapPrepared,InitdataMemoryDestroy,direct-owned-context0,retained-broker
channel[27],Windows,0xffffffa000124000,0x4000,channel[27] DXGK object,start-stop,16384,FirmwareSharedReadWrite AP1 Attr2 OS1,MapPrepared,InitdataMemoryDestroy,direct-owned-context0,retained-broker
channel[28],Windows,0xffffffa00012c000,0x4000,channel[28] DXGK object,start-stop,16384,FirmwareSharedReadWrite AP1 Attr2 OS1,MapPrepared,InitdataMemoryDestroy,direct-owned-context0,retained-broker
channel[29],Windows,0xffffffa000134000,0x54000,channel[29] DXGK object,start-stop,16384,FirmwareSharedReadWrite AP1 Attr2 OS1,MapPrepared,InitdataMemoryDestroy,direct-owned-context0,retained-broker
channel[30],Windows,0xffffffa00018c000,0x150000,channel[30] DXGK object,start-stop,16384,FirmwareSharedReadWrite AP1 Attr2 OS1,MapPrepared,InitdataMemoryDestroy,direct-owned-context0,retained-broker
channel[31],Windows,0xffffffa0002e0000,0x4000,channel[31] DXGK object,start-stop,16384,FirmwareSharedReadWrite AP1 Attr2 OS1,MapPrepared,InitdataMemoryDestroy,direct-owned-context0,retained-broker
channel[32],Windows,0xffffffa0002e8000,0x8000,channel[32] DXGK object,start-stop,16384,FirmwareSharedReadWrite AP1 Attr2 OS1,MapPrepared,InitdataMemoryDestroy,direct-owned-context0,retained-broker
channel[33],Windows,0xffffffa0002f4000,0x4000,channel[33] DXGK object,start-stop,16384,FirmwareSharedReadWrite AP1 Attr2 OS1,MapPrepared,InitdataMemoryDestroy,direct-owned-context0,retained-broker
channel[34],Windows,0xffffffa0002fc000,0x4000,channel[34] DXGK object,start-stop,16384,FirmwareSharedReadWrite AP1 Attr2 OS1,MapPrepared,InitdataMemoryDestroy,direct-owned-context0,retained-broker
regionb[0],Windows,0xffffffa000304000,0x4000,regionb[0] DXGK object,start-stop,16384,FirmwareSharedReadWrite AP1 Attr2 OS1,MapPrepared,InitdataMemoryDestroy,direct-owned-context0,retained-broker
regionb[1],Windows,0xffffffa00030c000,0x4000,regionb[1] DXGK object,start-stop,16384,FirmwareSharedReadWrite AP1 Attr2 OS1,MapPrepared,InitdataMemoryDestroy,direct-owned-context0,retained-broker
regionb[2],Windows,0xffffffa000314000,0x4000,regionb[2] DXGK object,start-stop,16384,FirmwareSharedReadWrite AP1 Attr2 OS1,MapPrepared,InitdataMemoryDestroy,direct-owned-context0,retained-broker
regionb[3],Windows,0xffffffa00031c000,0x8000,regionb[3] DXGK object,start-stop,16384,FirmwareSharedReadWrite AP1 Attr2 OS1,MapPrepared,InitdataMemoryDestroy,direct-owned-context0,retained-broker
regionb[4],Windows,0xffffffa000328000,0x4000,regionb[4] DXGK object,start-stop,16384,FirmwareSharedReadWrite AP1 Attr2 OS1,MapPrepared,InitdataMemoryDestroy,direct-owned-context0,retained-broker
regionb[5],Windows,0xffffffa000330000,0x4000,regionb[5] DXGK object,start-stop,16384,FirmwareSharedReadWrite AP1 Attr2 OS1,MapPrepared,InitdataMemoryDestroy,direct-owned-context0,retained-broker
regionb[6],Windows,0xffffffa000338000,0x4000,regionb[6] DXGK object,start-stop,16384,FirmwareSharedReadWrite AP1 Attr2 OS1,MapPrepared,InitdataMemoryDestroy,direct-owned-context0,retained-broker
regionb[7],Windows,0xffffffa000340000,0x4000,regionb[7] DXGK object,start-stop,16384,FirmwareSharedReadWrite AP1 Attr2 OS1,MapPrepared,InitdataMemoryDestroy,direct-owned-context0,retained-broker
regionb[8],Windows,0xffffffa000348000,0x4000,regionb[8] DXGK object,start-stop,16384,FirmwareSharedReadWrite AP1 Attr2 OS1,MapPrepared,InitdataMemoryDestroy,direct-owned-context0,retained-broker
regionb[9],Windows,0xffffffa000350000,0x4000,regionb[9] DXGK object,start-stop,16384,FirmwareSharedReadWrite AP1 Attr2 OS1,MapPrepared,InitdataMemoryDestroy,direct-owned-context0,retained-broker
regionb[10],Windows,0xffffffa000358000,0x4000,regionb[10] DXGK object,start-stop,16384,FirmwareSharedReadWrite AP1 Attr2 OS1,MapPrepared,InitdataMemoryDestroy,direct-owned-context0,retained-broker
render_shared[0],Windows,0xffffffa000360000,0x4000,render_shared[0] DXGK object,start-stop,16384,FirmwareSharedReadWrite AP1 Attr2 OS1,MapPrepared,InitdataMemoryDestroy,direct-owned-context0,retained-broker
render_shared[1],Windows,0xffffffa000368000,0x4000,render_shared[1] DXGK object,start-stop,16384,FirmwareSharedReadWrite AP1 Attr2 OS1,MapPrepared,InitdataMemoryDestroy,direct-owned-context0,retained-broker
render_shared[2],Windows,0xffffffa000370000,0x4000,render_shared[2] DXGK object,start-stop,16384,FirmwareSharedReadWrite AP1 Attr2 OS1,MapPrepared,InitdataMemoryDestroy,direct-owned-context0,retained-broker
render_shared[3],Windows,0xffffffa000378000,0x4000,render_shared[3] DXGK object,start-stop,16384,FirmwareSharedReadWrite AP1 Attr2 OS1,MapPrepared,InitdataMemoryDestroy,direct-owned-context0,retained-broker
render_shared[4],Windows,0xffffffa000380000,0x4000,render_shared[4] DXGK object,start-stop,16384,FirmwareSharedReadWrite AP1 Attr2 OS1,MapPrepared,InitdataMemoryDestroy,direct-owned-context0,retained-broker
render_shared[5],Windows,0xffffffa000388000,0x4000,render_shared[5] DXGK object,start-stop,16384,FirmwareSharedReadWrite AP1 Attr2 OS1,MapPrepared,InitdataMemoryDestroy,direct-owned-context0,retained-broker
render_shared[6],Windows,0xffffffa000390000,0x4000,render_shared[6] DXGK object,start-stop,16384,FirmwareSharedReadWrite AP1 Attr2 OS1,MapPrepared,InitdataMemoryDestroy,direct-owned-context0,retained-broker
render_shared[7],Windows,0xffffffa000398000,0x4000,render_shared[7] DXGK object,start-stop,16384,FirmwareSharedReadWrite AP1 Attr2 OS1,MapPrepared,InitdataMemoryDestroy,direct-owned-context0,retained-broker
render_shared[8],Windows,0xffffffa0003a0000,0x4000,render_shared[8] DXGK object,start-stop,16384,FirmwareSharedReadWrite AP1 Attr2 OS1,MapPrepared,InitdataMemoryDestroy,direct-owned-context0,retained-broker
render_shared[9],Windows,0xffffffa0003a8000,0x4000,render_shared[9] DXGK object,start-stop,16384,FirmwareSharedReadWrite AP1 Attr2 OS1,MapPrepared,InitdataMemoryDestroy,direct-owned-context0,retained-broker
render_shared[10],Windows,0xffffffa0003b0000,0x4000,render_shared[10] DXGK object,start-stop,16384,FirmwareSharedReadWrite AP1 Attr2 OS1,MapPrepared,InitdataMemoryDestroy,direct-owned-context0,retained-broker
render_shared[11],Windows,0xffffffa0003b8000,0x4000,render_shared[11] DXGK object,start-stop,16384,FirmwareSharedReadWrite AP1 Attr2 OS1,MapPrepared,InitdataMemoryDestroy,direct-owned-context0,retained-broker
render_shared[12],Windows,0xffffffa0003c0000,0x4000,render_shared[12] DXGK object,start-stop,16384,FirmwareSharedReadWrite AP1 Attr2 OS1,MapPrepared,InitdataMemoryDestroy,direct-owned-context0,retained-broker
render_shared[13],Windows,0xffffffa0003c8000,0x4000,render_shared[13] DXGK object,start-stop,16384,FirmwareSharedReadWrite AP1 Attr2 OS1,MapPrepared,InitdataMemoryDestroy,direct-owned-context0,retained-broker
render_shared[14],Windows,0xffffffa0003d0000,0x4000,render_shared[14] DXGK object,start-stop,16384,FirmwareSharedReadWrite AP1 Attr2 OS1,MapPrepared,InitdataMemoryDestroy,direct-owned-context0,retained-broker
render_shared[15],Windows,0xffffffa0003d8000,0x4000,render_shared[15] DXGK object,start-stop,16384,FirmwareSharedReadWrite AP1 Attr2 OS1,MapPrepared,InitdataMemoryDestroy,direct-owned-context0,retained-broker
render_shared[16],Windows,0xffffffa0003e0000,0x4000,render_shared[16] DXGK object,start-stop,16384,FirmwareSharedReadWrite AP1 Attr2 OS1,MapPrepared,InitdataMemoryDestroy,direct-owned-context0,retained-broker
render_shared[17],Windows,0xffffffa0003e8000,0x4000,render_shared[17] DXGK object,start-stop,16384,FirmwareSharedReadWrite AP1 Attr2 OS1,MapPrepared,InitdataMemoryDestroy,direct-owned-context0,retained-broker
render_shared[18],Windows,0xffffffa0003f0000,0x4000,render_shared[18] DXGK object,start-stop,16384,FirmwareSharedReadWrite AP1 Attr2 OS1,MapPrepared,InitdataMemoryDestroy,direct-owned-context0,retained-broker
render_shared[19],Windows,0xffffffa0003f8000,0x4000,render_shared[19] DXGK object,start-stop,16384,FirmwareSharedReadWrite AP1 Attr2 OS1,MapPrepared,InitdataMemoryDestroy,direct-owned-context0,retained-broker
render_shared[20],Windows,0xffffffa000400000,0x4000,render_shared[20] DXGK object,start-stop,16384,FirmwareSharedReadWrite AP1 Attr2 OS1,MapPrepared,InitdataMemoryDestroy,direct-owned-context0,retained-broker
render_shared[21],Windows,0xffffffa000408000,0x4000,render_shared[21] DXGK object,start-stop,16384,FirmwareSharedReadWrite AP1 Attr2 OS1,MapPrepared,InitdataMemoryDestroy,direct-owned-context0,retained-broker
render_shared[22],Windows,0xffffffa000410000,0x4000,render_shared[22] DXGK object,start-stop,16384,FirmwareSharedReadWrite AP1 Attr2 OS1,MapPrepared,InitdataMemoryDestroy,direct-owned-context0,retained-broker
render_shared[23],Windows,0xffffffa000418000,0x4000,render_shared[23] DXGK object,start-stop,16384,FirmwareSharedReadWrite AP1 Attr2 OS1,MapPrepared,InitdataMemoryDestroy,direct-owned-context0,retained-broker
render_shared[24],Windows,0xffffffa000420000,0x4000,render_shared[24] DXGK object,start-stop,16384,FirmwareSharedReadWrite AP1 Attr2 OS1,MapPrepared,InitdataMemoryDestroy,direct-owned-context0,retained-broker
render_shared[25],Windows,0xffffffa000428000,0x4000,render_shared[25] DXGK object,start-stop,16384,FirmwareSharedReadWrite AP1 Attr2 OS1,MapPrepared,InitdataMemoryDestroy,direct-owned-context0,retained-broker
render_shared[26],Windows,0xffffffa000430000,0x4000,render_shared[26] DXGK object,start-stop,16384,FirmwareSharedReadWrite AP1 Attr2 OS1,MapPrepared,InitdataMemoryDestroy,direct-owned-context0,retained-broker
render_shared[27],Windows,0xffffffa000438000,0x4000,render_shared[27] DXGK object,start-stop,16384,FirmwareSharedReadWrite AP1 Attr2 OS1,MapPrepared,InitdataMemoryDestroy,direct-owned-context0,retained-broker
render_shared[28],Windows,0xffffffa000440000,0x4000,render_shared[28] DXGK object,start-stop,16384,FirmwareSharedReadWrite AP1 Attr2 OS1,MapPrepared,InitdataMemoryDestroy,direct-owned-context0,retained-broker
render_shared[29],Windows,0xffffffa000448000,0x4000,render_shared[29] DXGK object,start-stop,16384,FirmwareSharedReadWrite AP1 Attr2 OS1,MapPrepared,InitdataMemoryDestroy,direct-owned-context0,retained-broker
render_shared[30],Windows,0xffffffa000450000,0x4000,render_shared[30] DXGK object,start-stop,16384,FirmwareSharedReadWrite AP1 Attr2 OS1,MapPrepared,InitdataMemoryDestroy,direct-owned-context0,retained-broker
render_shared[31],Windows,0xffffffa000458000,0x4000,render_shared[31] DXGK object,start-stop,16384,FirmwareSharedReadWrite AP1 Attr2 OS1,MapPrepared,InitdataMemoryDestroy,direct-owned-context0,retained-broker
render_shared[32],Windows,0xffffffa000460000,0x4000,render_shared[32] DXGK object,start-stop,16384,FirmwareSharedReadWrite AP1 Attr2 OS1,MapPrepared,InitdataMemoryDestroy,direct-owned-context0,retained-broker
render_shared[33],Windows,0xffffffa000468000,0x4000,render_shared[33] DXGK object,start-stop,16384,FirmwareSharedReadWrite AP1 Attr2 OS1,MapPrepared,InitdataMemoryDestroy,direct-owned-context0,retained-broker
render_shared[34],Windows,0xffffffa000470000,0x4000,render_shared[34] DXGK object,start-stop,16384,FirmwareSharedReadWrite AP1 Attr2 OS1,MapPrepared,InitdataMemoryDestroy,direct-owned-context0,retained-broker
render_shared[35],Windows,0xffffffa000478000,0x4000,render_shared[35] DXGK object,start-stop,16384,FirmwareSharedReadWrite AP1 Attr2 OS1,MapPrepared,InitdataMemoryDestroy,direct-owned-context0,retained-broker
buffer_manager_alias[10],Windows,0x420000000,0x4000,buffer_manager_alias[10] DXGK object,start-stop,16384,FirmwareSharedReadWrite AP1 Attr2 OS1,MapPrepared,InitdataMemoryDestroy,direct-owned-context0,retained-broker
